Feed_id," Message"," Comment"," Like"," Post Date"
449776785224611_1160783364123946,YoMost!,0,0,"2019-06-27 03:30:09"
449776785224611_1160781187457497,"Post Image With Caption Done",0,0,"2019-06-27 03:26:14"
449776785224611_1160780117457604,"Post Api With Image",0,0,"2019-06-27 03:24:25"
449776785224611_1160778414124441,"Post Data to Face",0,0,"2019-06-27 03:20:45"
449776785224611_1160775444124738,,0,0,"2019-06-27 03:16:02"
449776785224611_1160773950791554,"Test Post Facebook by Vuo",0,0,"2019-06-27 03:14:02"
449776785224611_1160773630791586,"Test Post Facebook",0,0,"2019-06-27 03:13:34"
449776785224611_1160771414125141,"Test Post Api",0,0,"2019-06-27 03:09:57"
449776785224611_1160770650791884,1234,0,0,"2019-06-27 03:08:31"
449776785224611_1160768500792099,"Test Post Api Facebook by Vuongdv",0,0,"2019-06-27 03:03:57"
449776785224611_1088582481344035,test,0,0,"2019-03-08 09:47:15"
449776785224611_1010250529177231,hello,0,0,"2018-11-02 03:11:25"
449776785224611_1010243059177978,,0,0,"2018-11-02 03:01:28"
449776785224611_1010238455845105,"hello TMH",0,0,"2018-11-02 02:45:51"
449776785224611_1009864399215844,"i've done the test. Here is my profile",0,0,"2018-11-01 10:12:48"
449776785224611_1009852449217039,"new feed by Long",0,0,"2018-11-01 09:35:48"
449776785224611_1009851759217108,hello,0,0,"2018-11-01 09:32:38"
449776785224611_1009851635883787,,0,0,"2018-11-01 09:32:09"
449776785224611_1009851065883844,"test post",0,0,"2018-11-01 09:30:10"
449776785224611_1009804379221846,,0,0,"2018-11-01 06:51:05"
449776785224611_949258951943056,"checking here.",1,2,"2018-08-02 04:14:45"
449776785224611_949258118609806,,1,2,"2018-08-02 04:13:26"
449776785224611_949253281943623,h√≠,0,0,"2018-08-02 04:08:34"
449776785224611_949246971944254,"test 2 photo",1,1,"2018-08-02 03:58:20"
449776785224611_949246625277622,"test 1 photo",1,1,"2018-08-02 03:57:50"
449776785224611_949244891944462,"Test check in",0,0,"2018-08-02 03:54:57"
449776785224611_949243961944555,"test text",0,0,"2018-08-02 03:53:30"
449776785224611_948255338710084,"Test live video",2,1,"2018-08-01 06:18:12"
449776785224611_931284033740548,test,0,0,"2018-07-16 07:30:53"
449776785224611_925395000996118,"Test Post with Im :v",0,0,"2018-07-10 04:37:45"
449776785224611_925393464329605,"Boy Dev TMH",0,0,"2018-07-10 04:35:04"
449776785224611_925392430996375,"Girl dev of TMH (^.^)",0,0,"2018-07-10 04:33:10"
449776785224611_925390827663202,"Test image Post by TMH dev",0,0,"2018-07-10 04:30:40"
449776785224611_866235516912067,tesst,2,1,"2018-04-04 02:42:49"
449776785224611_865842520284700,,1,1,"2018-04-03 08:25:40"
449776785224611_848265935375692,testtest,0,0,"2018-02-28 04:29:33"
449776785224611_847876322081320,oooo,0,0,"2018-02-27 10:37:31"
449776785224611_847871408748478,abc,0,0,"2018-02-27 10:18:50"
449776785224611_847869598748659,abcde,0,0,"2018-02-27 10:13:13"
449776785224611_847855865416699,def,0,0,"2018-02-27 09:30:49"
449776785224611_847855225416763,"Wonderful message",0,0,"2018-02-27 09:27:48"
449776785224611_847841245418161,kien6,0,0,"2018-02-27 08:23:34"
449776785224611_847720095430276,test,0,0,"2018-02-27 01:20:23"
449776785224611_835527833316169,test,7,2,"2018-02-02 04:35:44"
449776785224611_835527009982918,,0,0,"2018-02-02 04:34:14"
449776785224611_821781831357436,"test 333",0,0,"2018-01-05 04:16:12"
449776785224611_817639431771676,"native link

facebook.com/quypham1008",1,0,"2017-12-27 08:36:39"
449776785224611_817639031771716,"youtube video",0,0,"2017-12-27 08:35:30"
449776785224611_817638125105140,"Native video",0,0,"2017-12-27 08:32:41"
449776785224611_813812402154379,"chao 2",0,0,"2017-12-19 09:28:15"
449776785224611_813782588824027,"This is for test",0,0,"2017-12-19 07:19:36"
449776785224611_1154310304704471,"asdf asdf asdf asdf asdf asdf asdf asdf",0,1,"2017-11-30 11:06:32"
449776785224611_794862424049377,"hi TMH.TechLab Dev nh",0,0,"2017-11-09 08:38:25"
449776785224611_794861394049480,"hi admin, ignore this",0,0,"2017-11-09 08:31:47"
449776785224611_794854854050134,"TMH.TechLab Dev hello there",0,0,"2017-11-09 08:03:06"
449776785224611_794429817425971,https://vnexpress.net/tong-thuat/apec-2017/chu-tich-nuoc-apec-co-the-vuon-cao-hon-di-xa-hon-nua-3667050.html,1,0,"2017-11-08 08:23:59"
449776785224611_794409790761307,https://news.zing.vn/bitcoin-bi-cam-nguoi-choi-trong-nuoc-noi-gi-post791568.html,0,0,"2017-11-08 06:49:47"
449776785224611_790276154508004,"This is test2",0,0,"2017-10-30 04:06:38"
449776785224611_788151744720445,"this is test üòêüòêüòê",7,1,"2017-10-25 06:51:19"
449776785224611_788117394723880,,0,1,"2017-10-25 03:59:03"
449776785224611_788111574724462,,2,0,"2017-10-25 03:33:52"
449776785224611_787795768089376,"t√©t video :3",21,10,"2017-10-24 08:29:43"
449776785224611_787418738127079,"TMH-Techlab :))",4,7,"2017-10-23 08:03:04"
449776785224611_746318318903788,12345678910,12,2,"2017-07-18 07:57:29"
449776785224611_746314012237552,"test fb insight :))",19,12,"2017-07-18 07:42:56"
449776785224611_717296951805925,Test,0,2,"2017-05-24 06:10:52"
449776785224611_713759455493008,"Just for test",38,1,"2017-05-16 05:55:31"
449776785224611_711971565671797,,0,1,"2017-05-12 10:31:56"
449776785224611_711949402340680,test,0,0,"2017-05-12 09:29:33"
449776785224611_669288206606800,"This is the post with multil image.",0,1,"2017-02-15 02:22:42"
449776785224611_668994796636141,Videooooo,0,0,"2017-02-14 10:19:22"
449776785224611_668992219969732,,0,0,"2017-02-14 10:12:34"
449776785224611_668990599969894,"Just a test",0,0,"2017-02-14 10:07:00"
449776785224611_770350133110272,"videos post by Quy",0,0,"2015-12-04 06:33:03"
449776785224611_485694154966207,,0,0,"2015-12-04 06:29:59"
449776785224611_481906818678274,"I'm Thu Hang",0,0,"2015-11-20 11:19:24"
449776785224611_453220461546910,"zxgvvcnb,nm,bnb",0,0,"2015-08-17 10:36:22"
449776785224611_453220444880245,ryrtuyoiuioiuou,0,0,"2015-08-17 10:36:18"
449776785224611_453220434880246,reyeryqwqrqwrq,0,0,"2015-08-17 10:36:15"
449776785224611_453220424880247,chcfghghkjlk,0,0,"2015-08-17 10:36:11"
449776785224611_453219964880293,mknkklnnh,0,0,"2015-08-17 10:33:43"
449776785224611_453219954880294,qweqeqeqq,0,0,"2015-08-17 10:33:38"
449776785224611_453219928213630,cvcxvcxvx,0,0,"2015-08-17 10:33:35"
449776785224611_453219918213631,fsfdfsfs,0,0,"2015-08-17 10:33:32"
449776785224611_453219898213633,fdsfsdfsfs,0,0,"2015-08-17 10:33:28"
449776785224611_452359094966380,http://hanoigrapevine.com/vi/2015/08/whats-on-this-weekend-14-16-aug-2015/,0,0,"2015-08-14 09:04:48"
449776785224611_452351528300470,https://www.youtube.com/watch?v=p2FsUlzipw4,0,0,"2015-08-14 08:04:02"
449776785224611_452351411633815,http://thethao.vnexpress.net/tin-tuc/bong-da-trong-nuoc/bau-thang-khong-ai-danh-hoi-dong-hagl-3263860.html,0,0,"2015-08-14 08:02:53"
449776785224611_452344958301127,"ch√°u ƒë√£ test xong",1,0,"2015-08-14 07:19:22"
449776785224611_452339554968334,"test Ducnv",0,0,"2015-08-14 06:58:17"
449776785224611_452339338301689,"Successfully !!!!!",0,0,"2015-08-14 06:55:36"
449776785224611_452339191635037,"MinhTQ Test one more time :)))",0,0,"2015-08-14 06:54:31"
449776785224611_452338544968435,"Minhtq test asdfg",0,0,"2015-08-14 06:52:44"
449776785224611_452338181635138,"Quy app 5, Tmh app 8",1,1,"2015-08-14 06:51:54"
449776785224611_452327681636188,"Quy app 4",1,1,"2015-08-14 06:30:14"
449776785224611_452327608302862,"Quy App 3",0,1,"2015-08-14 06:29:14"
449776785224611_452326748302948,"Quy App 2",1,1,"2015-08-14 06:24:35"
449776785224611_452325731636383,"Quy App",0,0,"2015-08-14 06:18:46"
449776785224611_452307994971490,abcdef,0,0,"2015-08-14 04:47:54"
449776785224611_452301391638817,"Minhtq Test subcriptions",0,0,"2015-08-14 03:58:41"
